pre	post	type	synapses
ADAL	AIAL	chemical	1
ADAL	AIBL	chemical	1
ADAL	ASHL	electrical	2
ADAL	AVAL	chemical	3
ADAL	AVAR	chemical	1
ADAL	AVBL	chemical	9
ADAL	AVBR	chemical	2
ADAL	AVHR	chemical	1
ADAL	AVJR	chemical	3
ADAL	PVPL	chemical	1
ADAL	RICL	chemical	1
ADAL	RIML	chemical	4
ADAL	RIPL	chemical	1
ADAL	SDQR	chemical	1
ADAR	ADFR	electrical	1
ADAR	ASHL	electrical	1
ADAR	ASHR	chemical	1
ADAR	ASHR	electrical	3
ADAR	AVAL	chemical	3
ADAR	AVAR	chemical	2
ADAR	AVBL	chemical	4
ADAR	AVBR	chemical	10
ADAR	AVDL	chemical	2
ADAR	AVDL	electrical	2
ADAR	AVDR	electrical	1
ADAR	AVJL	chemical	5
ADAR	OLQVR	chemical	1
ADAR	RIMR	chemical	4
ADAR	RIPR	chemical	4
ADEL	ADAL	chemical	2
ADEL	ADER	chemical	1
ADEL	AINL	chemical	1
ADEL	AVAR	chemical	2
ADEL	AVDL	chemical	2
ADEL	AVDR	chemical	1
ADEL	AVKL	electrical	1
ADEL	CEPshDL	chemical	2
ADEL	CEPVL	chemical	1
ADEL	IL1L	chemical	1
ADEL	IL2L	chemical	2
ADEL	OLLL	chemical	3
ADEL	RIGL	chemical	1
ADEL	RIGR	chemical	4
ADEL	RIVL	chemical	1
ADEL	RMDR	chemical	1
ADEL	RMHR	chemical	1
ADEL	SAADR	chemical	1
ADEL	SDQL	chemical	1
ADER	ADAR	chemical	1
ADER	ADEL	chemical	3
ADER	ALMR	chemical	1
ADER	AVAL	chemical	1
ADER	AVAR	chemical	2
ADER	AVDR	chemical	1
ADER	BWM-DR04	chemical	1
ADER	BWM-VR04	chemical	1
ADER	CEPDR	chemical	1
ADER	GLRR	chemical	2
ADER	IL1R	chemical	1
ADER	IL2R	chemical	1
ADER	PVR	chemical	1
ADER	RIGL	chemical	3
ADER	RIGR	chemical	2
ADER	SDQR	chemical	1
ADER	SIBDL	chemical	1
ADFL	ADFR	electrical	2
ADFL	AIAL	electrical	1
ADFL	AIYL	chemical	1
ADFL	AIZL	chemical	6
ADFL	AUAL	chemical	3
ADFL	OLQVL	chemical	1
ADFL	RIAL	chemical	11
ADFL	RIGL	chemical	2
ADFL	SIBVL	chemical	1
ADFL	SMBDL	chemical	4
ADFL	SMBVL	chemical	5
ADFL	URXL	chemical	1
ADFR	AIAR	electrical	1
ADFR	AIYR	electrical	1
ADFR	AIZR	chemical	5
ADFR	AUAR	chemical	4
ADFR	RIAR	chemical	8
ADFR	RIGR	chemical	3
ADFR	RIH	electrical	1
ADFR	SMBVR	chemical	1
ADLL	ADLR	electrical	1
ADLL	AIAL	chemical	6
ADLL	AIAR	chemical	1
ADLL	AIBL	chemical	5
ADLL	ASEL	chemical	2
ADLL	ASHL	chemical	2
ADLL	ASKL	chemical	2
ADLL	AVAL	chemical	2
ADLL	AVAR	chemical	1
ADLL	AVBL	chemical	1
ADLL	AVDL	chemical	1
ADLL	AVDR	chemical	5
ADLL	AVEL	chemical	1
ADLL	AVJL	chemical	1
ADLL	AVJR	chemical	2
ADLL	AWCL	chemical	3
ADLL	AWCR	chemical	3
ADLL	CEPshVL	chemical	1
ADLL	PVCL	chemical	2
ADLL	PVPL	chemical	1
ADLL	RMGL	electrical	1
ADLL	SMBVL	chemical	1
ADLL	SMBVL	electrical	1
ADLR	ADAR	chemical	1
ADLR	AIAR	chemical	4
ADLR	AIBR	chemical	6
ADLR	ASER	chemical	1
ADLR	ASHR	chemical	1
ADLR	ASKR	chemical	3
ADLR	AVAR	chemical	1
ADLR	AVDL	chemical	1
ADLR	AVDR	chemical	2
ADLR	AVJR	chemical	2
ADLR	AWCR	chemical	2
ADLR	RMGR	electrical	1
AFDL	AIYL	chemical	6
AFDL	AIYL	electrical	1
AFDL	AIZL	electrical	4
AFDR	AIYR	chemical	9
AFDR	AIZR	electrical	2
AFDR	ASEL	chemical	1
AFDR	AWAR	chemical	1
AIAL	ADAL	chemical	2
AIAL	ADLL	chemical	1
AIAL	AIBL	chemical	9
AIAL	AINR	chemical	1
AIAL	AIZL	chemical	1
AIAL	ASGL	chemical	1
AIAL	ASIL	electrical	4
AIAL	ASJL	electrical	2
AIAL	ASKL	chemical	2
AIAL	AWAL	electrical	2
AIAL	AWBL	electrical	1
AIAL	AWCL	chemical	1
AIAL	AWCR	chemical	2
AIAL	RIFL	chemical	1
AIAR	ADAR	chemical	3
AIAR	AIAR	electrical	1
AIAR	AIBR	chemical	12
AIAR	AINL	electrical	1
AIAR	AINR	electrical	1
AIAR	AIZR	chemical	2
AIAR	ASGR	chemical	1
AIAR	ASIR	electrical	1
AIAR	ASKR	chemical	2
AIAR	AWAR	electrical	2
AIAR	AWBR	electrical	2
AIAR	AWCR	chemical	5
AIAR	RIFR	chemical	1
AIBL	ASHL	electrical	1
AIBL	AVBL	chemical	8
AIBL	DVC	electrical	1
AIBL	RIBR	chemical	3
AIBL	RIGR	electrical	2
AIBL	RIML	chemical	1
AIBL	RIMR	chemical	17
AIBL	RIMR	electrical	1
AIBL	SAAVL	chemical	1
AIBL	SIADR	chemical	1
AIBL	SMDDR	chemical	5
AIBL	SMDVR	chemical	4
AIBR	AVBR	chemical	5
AIBR	AWCR	electrical	1
AIBR	BAGR	chemical	1
AIBR	DVA	chemical	1
AIBR	RIBL	chemical	5
AIBR	RIBR	chemical	1
AIBR	RIML	chemical	13
AIBR	RIMR	electrical	1
AIBR	RMFR	chemical	1
AIBR	SAADR	chemical	1
AIBR	SIADL	chemical	1
AIBR	SMDDL	chemical	4
AIBR	SMDVL	chemical	4
AIML	AIAL	chemical	4
AIML	AIMR	electrical	1
AIML	ASGL	chemical	3
AIML	ASJL	chemical	2
AIML	ASKL	chemical	2
AIML	AVFL	chemical	2
AIML	AVFR	chemical	2
AIML	CEPshVL	chemical	1
AIMR	AIAR	chemical	8
AIMR	ASGR	chemical	5
AIMR	ASJR	chemical	2
AIMR	ASKR	chemical	2
AIMR	AVBR	chemical	1
AIMR	AVFR	chemical	2
AIMR	AVHR	chemical	1
AIMR	AWBR	chemical	1
AIMR	CEPshDL	chemical	2
AIMR	CEPshVR	chemical	1
AIMR	RMGR	chemical	1
AIMR	SIBDL	chemical	1
AIMR	SIBDL	electrical	1
AIMR	SMBDL	chemical	1
AIMR	URXR	chemical	1
AINL	AFDR	chemical	4
AINL	AINR	chemical	2
AINL	AUAR	chemical	3
AINL	BAGL	chemical	4
AINL	CEPshVR	chemical	4
AINL	RIBL	chemical	2
AINL	RIBR	chemical	1
AINR	AFDL	chemical	3
AINR	AFDR	chemical	2
AINR	ASER	chemical	1
AINR	AUAL	chemical	3
AINR	BAGL	chemical	2
AINR	BAGR	chemical	6
AINR	CEPshVL	chemical	5
AINR	CEPVL	chemical	1
AINR	RIBL	chemical	2
AINR	RIBR	chemical	2
AIYL	AIZL	chemical	11
AIYL	ASGL	electrical	1
AIYL	AWAL	chemical	2
AIYL	AWAL	electrical	1
AIYL	AWBL	chemical	1
AIYL	RIAL	chemical	4
AIYL	RIBL	chemical	4
AIYL	RIR	chemical	1
AIYL	URXL	electrical	1
AIYR	AFDR	chemical	1
AIYR	AIYL	chemical	1
AIYR	AIZL	chemical	1
AIYR	AIZR	chemical	9
AIYR	ASGR	electrical	1
AIYR	AWAR	chemical	1
AIYR	RIAR	chemical	3
AIYR	RIBR	chemical	3
AIYR	RIR	chemical	1
AIZL	ADFL	chemical	2
AIZL	AIAL	chemical	3
AIZL	AIBL	chemical	6
AIZL	AIBR	chemical	11
AIZL	AIYL	chemical	1
AIZL	AIZR	electrical	3
AIZL	ASEL	chemical	1
AIZL	ASEL	electrical	1
AIZL	ASER	electrical	2
AIZL	ASHL	electrical	1
AIZL	AVEL	chemical	1
AIZL	AVER	chemical	4
AIZL	AVHR	chemical	1
AIZL	AVKL	chemical	1
AIZL	AWCR	electrical	2
AIZL	BAGR	chemical	1
AIZL	BAGR	electrical	1
AIZL	RIAL	chemical	8
AIZL	RIAR	chemical	1
AIZL	RIML	chemical	8
AIZL	RIMR	chemical	1
AIZL	SMBDL	chemical	11
AIZL	SMBVL	chemical	11
AIZL	SMBVR	chemical	1
AIZR	AIAR	chemical	6
AIZR	AIBL	chemical	14
AIZR	AIBR	chemical	3
AIZR	ASER	chemical	3
AIZR	ASER	electrical	1
AIZR	ASHR	electrical	2
AIZR	AUAR	electrical	1
AIZR	AVEL	chemical	5
AIZR	AVER	chemical	1
AIZR	AWAR	chemical	1
AIZR	AWBR	chemical	1
AIZR	AWCL	electrical	2
AIZR	RIAR	chemical	8
AIZR	RIMR	chemical	8
AIZR	SMBDR	chemical	8
AIZR	SMBVR	chemical	9
ALA	AVEL	chemical	2
ALA	AVER	chemical	1
ALA	CANR	chemical	1
ALA	CEPshDL	chemical	1
ALML	AVBL	chemical	1
ALML	AVDL	electrical	1
ALML	AVDR	electrical	2
ALML	AVM	electrical	1
ALML	BDUL	chemical	4
ALML	CEPDL	chemical	3
ALML	CEPshDL	chemical	1
ALML	CEPVL	chemical	3
ALML	PVCL	chemical	4
ALML	PVR	electrical	1
ALML	RIFL	chemical	1
ALML	SDQL	chemical	2
ALMR	AVDL	chemical	3
ALMR	AVDL	electrical	1
ALMR	AVM	electrical	2
ALMR	BDUR	chemical	7
ALMR	CEPDR	chemical	2
ALMR	CEPVR	chemical	3
ALMR	PVCL	chemical	1
ALMR	PVCR	chemical	4
ALMR	PVR	electrical	1
ALMR	RIFR	chemical	1
ALMR	SDQR	chemical	2
ALNL	AVAR	chemical	1
ALNL	SAAVL	chemical	5
ALNL	SMBDR	chemical	3
ALNR	AVAL	chemical	1
ALNR	RIVL	chemical	1
ALNR	SAAVR	chemical	3
ALNR	SMBDL	chemical	2
AQR	ADEL	chemical	2
AQR	ADER	chemical	1
AQR	AVAL	chemical	6
AQR	AVAR	chemical	5
AQR	AVBL	chemical	2
AQR	AVBR	chemical	4
AQR	AVDL	chemical	1
AQR	BAGL	chemical	2
AQR	BAGR	chemical	3
AQR	DVA	chemical	1
AQR	PVCL	chemical	1
AQR	PVCR	chemical	3
AQR	PVPL	electrical	1
AQR	PVPR	chemical	1
AQR	PVPR	electrical	3
AQR	RIAL	chemical	3
AQR	RIAR	chemical	2
AQR	RIGR	electrical	1
AQR	RIR	chemical	1
ASEL	AFDL	chemical	1
ASEL	AFDR	chemical	3
ASEL	AIAL	chemical	1
ASEL	AIAR	chemical	1
ASEL	AIBL	chemical	8
ASEL	AIBR	chemical	2
ASEL	AIYL	chemical	8
ASEL	AIYR	chemical	8
ASEL	AWCL	chemical	1
ASER	AFDL	chemical	1
ASER	AIAR	chemical	4
ASER	AIBL	chemical	4
ASER	AIBR	chemical	8
ASER	AIYL	chemical	6
ASER	AIYR	chemical	10
ASER	AIZR	chemical	1
ASER	ASEL	chemical	1
ASER	AWCR	chemical	4
ASGL	AIAL	chemical	5
ASGL	AIBL	chemical	3
ASGR	AIAR	chemical	8
ASGR	AIBR	chemical	3
ASHL	ADAL	chemical	3
ASHL	ADFL	chemical	3
ASHL	AIAL	chemical	9
ASHL	AIBL	chemical	7
ASHL	AVAL	chemical	7
ASHL	AVAR	chemical	1
ASHL	AVBL	chemical	9
ASHL	AVDL	chemical	3
ASHL	AVDR	chemical	6
ASHL	AWBL	chemical	1
ASHL	RIAL	chemical	3
ASHL	RICL	electrical	1
ASHL	RIML	chemical	2
ASHR	ADAR	chemical	2
ASHR	ADFR	chemical	1
ASHR	AIAR	chemical	11
ASHR	AIBR	chemical	8
ASHR	AVAL	chemical	1
ASHR	AVAR	chemical	3
ASHR	AVBR	chemical	4
ASHR	AVDL	chemical	4
ASHR	AVDR	chemical	2
ASHR	AVER	chemical	1
ASHR	AVHL	electrical	1
ASHR	AVJR	chemical	1
ASHR	RIAR	chemical	1
ASHR	RIMR	chemical	1
ASHR	RMGR	chemical	1
ASHR	RMGR	electrical	1
ASIL	AFDL	chemical	1
ASIL	AIAL	chemical	3
ASIL	AIBL	chemical	1
ASIL	ASGL	chemical	1
ASIL	ASIR	electrical	1
ASIL	ASKL	chemical	1
ASIL	AWCL	chemical	3
ASIL	AWCR	chemical	5
ASIL	BAGR	chemical	1
ASIL	CEPshVL	chemical	3
ASIR	AIAR	chemical	2
ASIR	AIBR	chemical	3
ASIR	AIYR	chemical	1
ASIR	ASGR	chemical	2
ASIR	ASKR	chemical	1
ASIR	AVAR	chemical	1
ASIR	AWCL	chemical	3
ASIR	AWCR	chemical	4
ASIR	BAGL	chemical	1
ASIR	CEPshDR	chemical	1
ASIR	CEPshVR	chemical	4
ASIR	CEPVR	chemical	1
ASIR	IL1R	chemical	1
ASIR	RIAR	chemical	2
ASJL	ASKL	chemical	4
ASJL	CEPshVL	chemical	1
ASJL	PVQL	chemical	10
ASJR	ASKR	chemical	1
ASJR	CEPshVR	chemical	1
ASJR	PVQR	chemical	6
ASKL	ADLL	chemical	1
ASKL	AIAL	chemical	12
ASKL	AIBL	chemical	3
ASKL	AIML	chemical	3
ASKL	AWCL	electrical	1
ASKR	AIAR	chemical	18
ASKR	AIBR	chemical	3
ASKR	AIMR	chemical	7
ASKR	ASJR	chemical	1
AUAL	AUAR	electrical	1
AUAL	AVAL	chemical	3
AUAL	AVDR	chemical	1
AUAL	AVEL	chemical	2
AUAL	DVA	chemical	1
AUAL	RIAL	chemical	5
AUAL	RIBL	chemical	5
AUAL	URXL	electrical	1
AUAR	AVAR	chemical	4
AUAR	AVDL	chemical	1
AUAR	AVER	chemical	4
AUAR	RIAR	chemical	9
AUAR	RIBR	chemical	11
AUAR	URXR	electrical	1
AVAL	AVAR	electrical	2
AVAL	RIML	electrical	1
AVAL	RIMR	electrical	2
AVAL	URYDL	electrical	1
AVAR	RIML	electrical	2
AVAR	URYVL	electrical	1
AVBL	AVBR	electrical	2
AVBL	RIBR	electrical	1
AVBR	RIBL	electrical	1
AVDL	AVDR	electrical	1
AVDL	AVM	electrical	1
AVDL	FLPL	electrical	1
AVDR	AVM	electrical	2
AVDR	BDUL	electrical	2
AVDR	FLPL	electrical	1
AVEL	BAGL	electrical	1
AVEL	CEPDR	electrical	1
AVEL	OLQDR	electrical	1
AVEL	RIML	electrical	2
AVEL	RIVL	electrical	1
AVEL	RMDDL	electrical	1
AVEL	RMER	electrical	1
AVEL	URYVR	electrical	1
AVER	BAGL	electrical	1
AVER	RIML	electrical	1
AVER	RIMR	electrical	1
AVER	RIVR	electrical	1
AVER	RMDDL	electrical	1
AVER	URYVL	electrical	1
AVFL	AVBR	chemical	1
AVFR	AVBL	chemical	1
AVFR	AVBR	chemical	1
AVFR	AVFL	chemical	2
AVHL	ADFR	chemical	1
AVHL	AWBR	chemical	1
AVHL	PVPR	chemical	1
AVHL	RIMR	chemical	1
AVHL	RIR	chemical	2
AVHL	URXR	chemical	2
AVHR	ADFL	chemical	4
AVHR	ADLL	chemical	1
AVHR	AIAL	chemical	1
AVHR	AIZL	chemical	1
AVHR	AQR	chemical	1
AVHR	ASHL	chemical	1
AVHR	AVAL	chemical	1
AVHR	DVA	chemical	2
AVHR	PVPL	chemical	1
AVHR	RIR	chemical	4
AVHR	SMBVL	chemical	2
AVHR	URXL	chemical	3
AVJL	AVBL	chemical	1
AVJL	AVBR	chemical	1
AVJL	FLPL	chemical	1
AVJL	PVCR	chemical	3
AVJL	RIS	chemical	1
AVJR	AVBL	chemical	2
AVJR	AVBR	chemical	2
AVJR	AVDR	chemical	1
AVJR	AVM	chemical	1
AVJR	FLPL	chemical	1
AVJR	PVCL	chemical	1
AVJR	PVCL	electrical	1
AVJR	RIS	chemical	3
AVJR	RIS	electrical	1
AVKL	ALNR	chemical	1
AVKL	AVEL	chemical	1
AVKL	AVER	chemical	2
AVKL	AVKR	electrical	2
AVKL	RICL	electrical	1
AVKL	RICR	electrical	1
AVKL	RIGR	chemical	1
AVKL	RIML	chemical	2
AVKL	RIMR	chemical	2
AVKL	RMDL	chemical	2
AVKL	RMGR	electrical	1
AVKL	SAADR	chemical	1
AVKL	SAAVR	chemical	1
AVKL	SMBVL	electrical	1
AVKL	SMDDR	chemical	1
AVKR	AVER	chemical	1
AVKR	PVPL	chemical	1
AVKR	PVPL	electrical	1
AVKR	PVPR	electrical	1
AVKR	RICL	electrical	1
AVKR	RICR	chemical	1
AVKR	RICR	electrical	1
AVKR	RIML	chemical	2
AVKR	RIMR	chemical	3
AVKR	RIVR	chemical	1
AVKR	RMDR	chemical	1
AVKR	SAADL	chemical	1
AVKR	SAAVL	chemical	1
AVKR	SMBVR	electrical	1
AVKR	SMDVL	chemical	1
AVKR	SMDVR	chemical	1
AVM	ADAL	chemical	1
AVM	ADEL	chemical	1
AVM	ADER	chemical	1
AVM	AVBL	chemical	5
AVM	AVBR	chemical	5
AVM	AVDL	chemical	1
AVM	AVER	chemical	1
AVM	AVJL	chemical	2
AVM	AVJR	chemical	2
AVM	BDUL	chemical	2
AVM	PVCL	chemical	1
AVM	PVCR	chemical	5
AVM	RIS	chemical	1
AWAL	ADFL	chemical	3
AWAL	ADLL	chemical	1
AWAL	AFDL	chemical	2
AWAL	AIYL	chemical	1
AWAL	AIZL	chemical	6
AWAL	ASEL	chemical	2
AWAL	ASHL	chemical	1
AWAL	AWBL	chemical	6
AWAL	AWBR	chemical	1
AWAR	ADFR	chemical	1
AWAR	AFDR	chemical	2
AWAR	AIYR	chemical	2
AWAR	AIZR	chemical	6
AWAR	ASER	chemical	2
AWAR	ASHR	chemical	2
AWAR	AVBR	chemical	1
AWAR	AWBR	chemical	2
AWAR	RIFR	chemical	1
AWBL	ADFL	chemical	6
AWBL	AIZL	chemical	6
AWBL	ASHL	chemical	1
AWBL	AWBR	electrical	2
AWBL	RIAL	chemical	2
AWBL	RIFL	chemical	1
AWBL	RMGL	electrical	1
AWBL	SMBDL	chemical	1
AWBL	SMBVL	chemical	1
AWBR	ADFL	chemical	1
AWBR	ADFR	chemical	10
AWBR	AIYR	chemical	1
AWBR	AIZR	chemical	9
AWBR	AUAR	chemical	1
AWBR	RIAR	chemical	1
AWBR	RIGR	chemical	3
AWBR	SMBVR	chemical	1
AWCL	AIAL	chemical	1
AWCL	AIAR	chemical	3
AWCL	AIBL	chemical	7
AWCL	AIBR	chemical	4
AWCL	AIYL	chemical	5
AWCL	AIYR	chemical	5
AWCL	AIZL	chemical	1
AWCL	ASER	chemical	1
AWCL	AWCR	chemical	9
AWCR	AIAL	chemical	4
AWCR	AIAR	chemical	5
AWCR	AIBL	chemical	5
AWCR	AIBR	chemical	6
AWCR	AIYL	chemical	3
AWCR	AIYR	chemical	4
AWCR	AIZL	chemical	1
AWCR	ASER	chemical	2
AWCR	ASGR	chemical	1
AWCR	ASIL	chemical	1
AWCR	AWCL	chemical	5
BAGL	AVAR	chemical	1
BAGL	AVER	chemical	6
BAGL	BAGR	electrical	1
BAGL	RIAR	chemical	11
BAGL	RIBR	chemical	12
BAGL	RIGR	chemical	3
BAGL	RIGR	electrical	1
BAGL	RIR	electrical	2
BAGR	AIZL	chemical	1
BAGR	AVAL	chemical	1
BAGR	AVEL	chemical	7
BAGR	BAGL	chemical	1
BAGR	RIAL	chemical	7
BAGR	RIAL	electrical	1
BAGR	RIBL	chemical	10
BAGR	RIGL	chemical	2
BAGR	RIR	electrical	1
BDUL	ADEL	chemical	1
BDUL	AVHL	chemical	1
BDUL	AVJL	chemical	2
BDUL	AVJR	chemical	1
BDUL	AVM	chemical	1
BDUL	CEPshVL	chemical	2
BDUL	RMGL	chemical	1
BDUL	SDQL	chemical	2
BDUL	URADL	chemical	1
BDUR	ADER	chemical	2
BDUR	ALMR	chemical	3
BDUR	AVBR	chemical	1
BDUR	AVDL	chemical	1
BDUR	AVFL	chemical	1
BDUR	AVJL	chemical	1
BDUR	AVM	chemical	1
BDUR	CEPshVR	chemical	2
BDUR	IL1R	chemical	1
BDUR	RMGR	chemical	2
BDUR	URADR	chemical	1
BWM-DR04	RMDL	electrical	1
CEPDL	AVER	chemical	4
CEPDL	IL1DL	chemical	6
CEPDL	OLLL	chemical	4
CEPDL	OLQDL	chemical	5
CEPDL	OLQDL	electrical	2
CEPDL	RIBL	chemical	1
CEPDL	RICL	chemical	2
CEPDL	RICR	chemical	3
CEPDL	RIPL	chemical	2
CEPDL	RIS	chemical	1
CEPDL	RMDDL	chemical	1
CEPDL	RMDVL	chemical	5
CEPDL	RMHL	chemical	1
CEPDL	SIADR	chemical	1
CEPDL	URADL	chemical	1
CEPDL	URBL	chemical	2
CEPDL	URYDL	chemical	5
CEPDR	AVEL	chemical	4
CEPDR	IL1DR	chemical	4
CEPDR	IL1R	chemical	1
CEPDR	OLLR	chemical	3
CEPDR	OLQDR	chemical	6
CEPDR	RIBR	chemical	1
CEPDR	RICL	chemical	2
CEPDR	RICR	chemical	3
CEPDR	RIH	electrical	1
CEPDR	RMDVR	chemical	1
CEPDR	URADR	chemical	2
CEPDR	URYDR	chemical	2
CEPVL	AVER	chemical	4
CEPVL	IL1VL	chemical	3
CEPVL	OLLL	chemical	7
CEPVL	OLQVL	chemical	5
CEPVL	RIBL	chemical	1
CEPVL	RICL	chemical	5
CEPVL	RICR	chemical	2
CEPVL	RMDDL	chemical	5
CEPVL	RMDL	chemical	1
CEPVL	RMHL	chemical	1
CEPVL	RMHR	chemical	3
CEPVL	URAVL	chemical	2
CEPVL	URBL	chemical	1
CEPVL	URYVL	chemical	1
CEPVR	AVEL	chemical	5
CEPVR	IL1VR	chemical	3
CEPVR	OLLR	chemical	5
CEPVR	OLQVR	chemical	6
CEPVR	RIBR	chemical	1
CEPVR	RICL	chemical	2
CEPVR	RICR	chemical	5
CEPVR	RIPR	chemical	2
CEPVR	RMDDR	chemical	2
CEPVR	RMHL	chemical	1
CEPVR	RMHR	chemical	2
CEPVR	SIAVR	chemical	1
CEPVR	URAVR	chemical	3
DVA	ADAR	chemical	1
DVA	AIZL	chemical	4
DVA	AIZR	chemical	2
DVA	AQR	chemical	4
DVA	AVAL	chemical	3
DVA	AVAR	chemical	2
DVA	AVBL	chemical	1
DVA	AVDR	chemical	1
DVA	AVEL	chemical	4
DVA	AVER	chemical	7
DVA	FLPR	chemical	1
DVA	OLQVL	electrical	1
DVA	OLQVR	electrical	1
DVA	PVCL	chemical	1
DVA	PVPR	chemical	1
DVA	RIH	chemical	1
DVA	RIML	chemical	1
DVA	RIR	chemical	4
DVA	SDQL	chemical	1
DVA	SIAVR	chemical	1
DVA	SIBVL	chemical	1
DVC	AIBL	chemical	3
DVC	AIBR	chemical	4
DVC	AVAL	chemical	3
DVC	AVAR	chemical	7
DVC	AVKR	chemical	1
DVC	CEPshDL	chemical	1
DVC	CEPshVL	chemical	1
DVC	CEPshVR	chemical	1
DVC	IL2VR	chemical	1
DVC	PVT	chemical	2
DVC	RIBL	chemical	2
DVC	RIBR	chemical	1
DVC	RIGL	chemical	2
DVC	RIGR	chemical	4
DVC	RMFR	chemical	1
DVC	URAVR	chemical	1
DVC	URYDR	chemical	1
FLPL	AVAL	chemical	1
FLPL	AVAR	chemical	3
FLPL	AVBL	chemical	2
FLPL	AVBR	chemical	3
FLPL	AVDL	chemical	2
FLPL	AVDR	chemical	1
FLPL	AVEL	chemical	1
FLPL	AVER	chemical	2
FLPL	FLPR	chemical	1
FLPL	PVCR	chemical	1
FLPL	RIS	chemical	1
FLPL	SDQL	chemical	1
FLPR	ADEL	chemical	1
FLPR	ADER	chemical	1
FLPR	AIBL	chemical	2
FLPR	AVAL	chemical	7
FLPR	AVAR	chemical	5
FLPR	AVER	chemical	1
FLPR	FLPL	chemical	1
FLPR	PVCL	chemical	1
GLRR	RMER	electrical	1
IL1DL	BWM-DL01	chemical	5
IL1DL	BWM-DL02	chemical	3
IL1DL	BWM-DL04	chemical	1
IL1DL	IL1DR	electrical	1
IL1DL	IL1L	electrical	1
IL1DL	IL1VL	electrical	1
IL1DL	PVR	chemical	1
IL1DL	RIPL	chemical	4
IL1DL	RMDVL	chemical	7
IL1DL	RMEL	chemical	2
IL1DL	RMEV	electrical	1
IL1DR	BWM-DR01	chemical	4
IL1DR	BWM-DR02	chemical	4
IL1DR	RIPR	chemical	2
IL1DR	RMDVR	chemical	5
IL1DR	RMER	chemical	2
IL1DR	RMEV	electrical	1
IL1DR	URADR	electrical	1
IL1L	BWM-DL02	chemical	8
IL1L	BWM-DL04	chemical	2
IL1L	BWM-VL02	chemical	8
IL1L	BWM-VL04	chemical	1
IL1L	IL1VL	chemical	1
IL1L	IL1VL	electrical	1
IL1L	RMDDL	chemical	4
IL1L	RMDDR	chemical	1
IL1L	RMDL	chemical	3
IL1L	RMDR	chemical	1
IL1L	RMDVL	chemical	3
IL1L	RMDVR	chemical	2
IL1L	RMGL	chemical	1
IL1L	URAVL	chemical	1
IL1R	BWM-DR02	chemical	8
IL1R	BWM-DR04	chemical	1
IL1R	BWM-VR01	chemical	1
IL1R	BWM-VR02	chemical	8
IL1R	BWM-VR04	chemical	1
IL1R	RMDDL	chemical	2
IL1R	RMDDR	chemical	4
IL1R	RMDR	chemical	1
IL1R	RMDVL	chemical	2
IL1R	RMDVR	chemical	2
IL1R	RMHL	chemical	1
IL1VL	BWM-VL01	chemical	5
IL1VL	BWM-VL02	chemical	1
IL1VL	IL1VR	electrical	1
IL1VL	RIPL	chemical	2
IL1VL	RMDDL	chemical	5
IL1VL	RMED	electrical	1
IL1VL	RMEL	chemical	1
IL1VR	BWM-VR01	chemical	2
IL1VR	BWM-VR02	chemical	1
IL1VR	IL1R	chemical	1
IL1VR	RIPR	chemical	2
IL1VR	RMDDR	chemical	3
IL1VR	RMED	electrical	1
IL1VR	RMER	chemical	2
IL2DL	CEPshDL	chemical	1
IL2DL	IL1DL	chemical	3
IL2DL	OLQDL	chemical	1
IL2DL	RICR	chemical	1
IL2DL	RIH	chemical	1
IL2DL	RIPL	chemical	9
IL2DL	RMED	chemical	2
IL2DL	RMEL	chemical	3
IL2DL	RMER	chemical	3
IL2DL	RMEV	chemical	1
IL2DL	URADL	chemical	1
IL2DR	IL1DR	chemical	3
IL2DR	OLQDR	chemical	1
IL2DR	RIH	chemical	2
IL2DR	RIPR	chemical	10
IL2DR	RMED	chemical	3
IL2DR	RMEL	chemical	1
IL2DR	RMER	chemical	3
IL2DR	URADR	chemical	4
IL2L	ADEL	chemical	1
IL2L	IL1L	chemical	1
IL2L	OLLL	chemical	1
IL2L	OLQDL	chemical	4
IL2L	OLQVL	chemical	5
IL2L	RIH	chemical	7
IL2L	RMDR	chemical	2
IL2L	RMEL	chemical	1
IL2L	RMGL	electrical	1
IL2L	URAVL	chemical	1
IL2L	URXL	electrical	1
IL2R	ADER	chemical	1
IL2R	IL1R	chemical	2
IL2R	OLQDR	chemical	5
IL2R	OLQVR	chemical	4
IL2R	RIH	chemical	6
IL2R	RMDL	chemical	3
IL2R	RMEV	chemical	1
IL2R	RMGR	electrical	2
IL2R	URADR	chemical	1
IL2R	URXR	electrical	1
IL2VL	GLRVL	chemical	1
IL2VL	IL1VL	chemical	2
IL2VL	OLQVL	chemical	1
IL2VL	RIAL	chemical	1
IL2VL	RIH	chemical	1
IL2VL	RIPL	chemical	9
IL2VL	RMED	chemical	2
IL2VL	RMEL	chemical	2
IL2VL	RMER	chemical	4
IL2VL	RMEV	chemical	2
IL2VL	URAVL	chemical	3
IL2VL	URXL	chemical	1
IL2VR	GLRVR	chemical	2
IL2VR	IL1VR	chemical	2
IL2VR	RIAR	chemical	1
IL2VR	RIH	chemical	2
IL2VR	RIPR	chemical	11
IL2VR	RMEL	chemical	4
IL2VR	RMER	chemical	3
IL2VR	RMEV	chemical	2
IL2VR	URAVR	chemical	7
OLLL	AVER	chemical	21
OLLL	CEPDL	chemical	1
OLLL	CEPVL	chemical	8
OLLL	IL1L	chemical	1
OLLL	IL1VL	chemical	1
OLLL	OLLR	electrical	2
OLLL	OLQDL	electrical	1
OLLL	OLQVL	electrical	1
OLLL	RIBL	chemical	12
OLLL	RIGL	electrical	1
OLLL	RIS	chemical	1
OLLL	RMDDL	chemical	7
OLLL	RMDR	chemical	1
OLLL	RMDVL	chemical	5
OLLL	RMED	chemical	1
OLLL	RMEL	chemical	3
OLLL	RMEV	chemical	1
OLLL	SMDDL	chemical	1
OLLL	SMDDR	chemical	3
OLLL	SMDVR	chemical	5
OLLR	AVEL	chemical	19
OLLR	CEPDR	chemical	3
OLLR	CEPVR	chemical	3
OLLR	IL1DL	chemical	1
OLLR	IL1DR	chemical	1
OLLR	IL1R	chemical	4
OLLR	OLQDR	electrical	1
OLLR	OLQVR	chemical	1
OLLR	OLQVR	electrical	1
OLLR	RIBR	chemical	11
OLLR	RIGR	electrical	1
OLLR	RMDDR	chemical	6
OLLR	RMDL	chemical	1
OLLR	RMDVR	chemical	4
OLLR	RMED	chemical	1
OLLR	RMER	chemical	2
OLLR	SMDDL	chemical	4
OLLR	SMDDR	chemical	2
OLLR	SMDVL	chemical	5
OLQDL	IL2L	chemical	2
OLQDL	RIBL	electrical	1
OLQDL	RICR	chemical	1
OLQDL	RIGL	electrical	1
OLQDL	RMDDR	chemical	3
OLQDL	RMHL	electrical	1
OLQDL	SIBVL	chemical	3
OLQDL	SMBDR	chemical	1
OLQDL	URBL	electrical	1
OLQDR	IL1DR	chemical	1
OLQDR	RIBR	electrical	1
OLQDR	RICL	chemical	1
OLQDR	RIGR	electrical	1
OLQDR	RMDDL	chemical	2
OLQDR	RMDVR	electrical	1
OLQDR	RMER	chemical	1
OLQDR	SIBVR	chemical	2
OLQDR	URBR	electrical	2
OLQVL	IL1VL	chemical	1
OLQVL	IL2L	chemical	2
OLQVL	RICL	chemical	1
OLQVL	RMDDL	electrical	1
OLQVL	RMDVR	chemical	3
OLQVL	RMEL	chemical	1
OLQVL	SIBDL	chemical	3
OLQVL	URBL	electrical	1
OLQVR	IL2R	chemical	2
OLQVR	RICR	chemical	1
OLQVR	RIGR	electrical	1
OLQVR	RMDDR	electrical	1
OLQVR	RMDVL	chemical	5
OLQVR	SIBDR	chemical	5
PVCL	AVAL	chemical	1
PVCL	AVAR	chemical	1
PVCL	AVBL	chemical	1
PVCL	AVBR	chemical	9
PVCL	AVDL	chemical	2
PVCL	AVDR	chemical	5
PVCL	AVEL	chemical	2
PVCL	AVER	chemical	1
PVCL	AVJR	chemical	1
PVCL	FLPL	chemical	1
PVCL	RID	chemical	8
PVCL	SIAVL	chemical	1
PVCR	AVAL	chemical	1
PVCR	AVAR	chemical	1
PVCR	AVBL	chemical	10
PVCR	AVBR	chemical	1
PVCR	AVDL	chemical	5
PVCR	AVDR	chemical	1
PVCR	AVEL	chemical	2
PVCR	AVER	chemical	1
PVCR	PVCL	chemical	1
PVCR	RIS	chemical	1
PVCR	SIBDR	chemical	2
PVCR	SIBVL	chemical	1
PVCR	SIBVR	chemical	1
PVPL	ADAL	chemical	1
PVPL	AQR	chemical	1
PVPL	AVAL	chemical	2
PVPL	AVAR	chemical	2
PVPL	AVBL	chemical	5
PVPL	AVBR	chemical	2
PVPL	DVC	chemical	1
PVPL	PVCL	chemical	7
PVPL	RID	chemical	1
PVPR	AQR	chemical	1
PVPR	AVAR	chemical	2
PVPR	AVBL	chemical	3
PVPR	AVBR	chemical	5
PVPR	PVCL	chemical	1
PVPR	PVCR	chemical	4
PVPR	RIFR	chemical	1
PVPR	RIGR	chemical	1
PVQL	ADLL	chemical	1
PVQL	AIAL	chemical	10
PVQL	AIML	chemical	1
PVQL	ASHL	chemical	3
PVQL	ASKL	chemical	6
PVQL	AVFL	chemical	1
PVQL	AVFR	chemical	2
PVQL	CEPshDL	chemical	1
PVQL	RIFL	chemical	1
PVQL	RMGL	chemical	1
PVQR	ADAR	chemical	1
PVQR	ADLR	chemical	1
PVQR	AIAR	chemical	10
PVQR	AIMR	chemical	1
PVQR	ASHR	chemical	1
PVQR	ASJR	chemical	1
PVQR	ASKR	chemical	4
PVQR	AVFL	chemical	1
PVQR	AVFR	chemical	1
PVR	AVBL	chemical	1
PVR	AVJL	chemical	2
PVR	BDUR	chemical	1
PVR	CEPDL	chemical	1
PVR	IL1DL	chemical	1
PVR	RIPR	chemical	1
PVT	AIBL	chemical	2
PVT	AIBR	chemical	4
PVT	AVKL	chemical	5
PVT	AVKR	chemical	3
PVT	AVL	chemical	1
PVT	CEPshVL	chemical	2
PVT	DVC	chemical	4
PVT	OLQVL	chemical	1
PVT	RIBL	electrical	1
PVT	RID	chemical	1
PVT	RIGL	chemical	2
PVT	RIGR	chemical	2
PVT	RIR	chemical	1
PVT	RMEV	chemical	1
PVT	RMFL	chemical	5
PVT	RMFR	chemical	2
PVT	URAVL	chemical	1
RIAL	CEPDL	chemical	1
RIAL	CEPVL	chemical	1
RIAL	OLQDL	chemical	1
RIAL	RIAR	chemical	19
RIAL	RIVL	chemical	2
RIAL	RIVR	chemical	4
RIAL	RMDDL	chemical	16
RIAL	RMDDR	chemical	14
RIAL	RMDL	chemical	9
RIAL	RMDR	chemical	13
RIAL	RMDVL	chemical	20
RIAL	RMDVR	chemical	14
RIAL	RMHL	chemical	1
RIAL	SIADL	chemical	2
RIAL	SIAVR	chemical	4
RIAL	SMDDL	chemical	15
RIAL	SMDDR	chemical	10
RIAL	SMDVL	chemical	8
RIAL	SMDVR	chemical	13
RIAR	CEPDR	chemical	2
RIAR	CEPVR	chemical	2
RIAR	RIAL	chemical	21
RIAR	RIVR	chemical	3
RIAR	RMDDL	chemical	13
RIAR	RMDDR	chemical	13
RIAR	RMDL	chemical	14
RIAR	RMDR	chemical	12
RIAR	RMDVL	chemical	12
RIAR	RMDVR	chemical	19
RIAR	SIADR	chemical	5
RIAR	SIAVL	chemical	7
RIAR	SMDDL	chemical	14
RIAR	SMDDR	chemical	13
RIAR	SMDVL	chemical	18
RIAR	SMDVR	chemical	13
RIBL	AIBR	chemical	1
RIBL	AVAL	chemical	1
RIBL	AVEL	chemical	4
RIBL	AVER	chemical	2
RIBL	BAGL	chemical	1
RIBL	BAGR	chemical	6
RIBL	DVA	chemical	1
RIBL	RIAL	chemical	1
RIBL	RIBR	electrical	4
RIBL	RIGL	chemical	1
RIBL	RIGL	electrical	1
RIBL	SIADL	electrical	1
RIBL	SIAVL	electrical	1
RIBL	SIBDL	electrical	2
RIBL	SIBVL	electrical	1
RIBL	SIBVR	electrical	1
RIBL	SMDVR	chemical	2
RIBR	AIBL	chemical	3
RIBR	AUAR	chemical	1
RIBR	AVAR	chemical	1
RIBR	AVDL	chemical	1
RIBR	AVEL	chemical	2
RIBR	AVER	chemical	4
RIBR	BAGL	chemical	4
RIBR	DVA	chemical	1
RIBR	RIAR	chemical	3
RIBR	RIBR	electrical	1
RIBR	RIMR	chemical	1
RIBR	RIS	chemical	1
RIBR	RMEV	electrical	1
RIBR	SIBDR	electrical	2
RIBR	SIBVR	electrical	1
RIBR	SMDDL	electrical	1
RIBR	SMDVL	chemical	1
RIBR	SMDVR	electrical	2
RICL	ADAL	chemical	1
RICL	ADAR	chemical	1
RICL	AVAL	chemical	8
RICL	AVAR	chemical	6
RICL	CEPVR	chemical	1
RICL	RIML	chemical	1
RICL	RIVR	chemical	1
RICL	SAADL	chemical	1
RICL	SIBDL	chemical	1
RICL	SMBDL	chemical	2
RICL	SMDDL	chemical	3
RICL	SMDDR	chemical	3
RICL	SMDVL	chemical	2
RICL	SMDVR	chemical	4
RICL	URBR	chemical	1
RICR	ADAR	chemical	2
RICR	AIBL	chemical	3
RICR	AVAL	chemical	7
RICR	AVAR	chemical	5
RICR	CEPVL	chemical	1
RICR	RIMR	chemical	1
RICR	RMDR	chemical	1
RICR	SMDDL	chemical	2
RICR	SMDDR	chemical	5
RICR	SMDVL	chemical	3
RICR	SMDVR	chemical	1
RIFL	ALML	chemical	1
RIFL	ASHL	chemical	1
RIFL	AVBL	chemical	9
RIFL	AVFL	chemical	1
RIFL	AVFR	chemical	1
RIFL	AVHL	chemical	1
RIFL	AVHR	chemical	1
RIFL	AVJL	chemical	1
RIFL	AVJR	chemical	4
RIFL	PVPL	chemical	3
RIFL	RIML	chemical	4
RIFL	RIML	electrical	1
RIFR	ADAR	chemical	2
RIFR	ASHR	chemical	2
RIFR	AUAR	chemical	1
RIFR	AVBR	chemical	8
RIFR	AVJL	chemical	1
RIFR	AVJR	chemical	1
RIFR	BDUL	chemical	1
RIFR	PVPR	chemical	3
RIFR	RIMR	chemical	3
RIFR	RIMR	electrical	1
RIGL	AIBR	chemical	2
RIGL	AIZL	chemical	5
RIGL	AVEL	chemical	4
RIGL	AVER	chemical	3
RIGL	AVKR	chemical	3
RIGL	BAGL	chemical	1
RIGL	BAGR	chemical	2
RIGL	DVC	chemical	1
RIGL	OLQVL	chemical	1
RIGL	RIBL	chemical	4
RIGL	RIGR	chemical	1
RIGL	RIGR	electrical	2
RIGL	RIR	chemical	1
RIGL	RIVR	chemical	1
RIGL	RMFL	chemical	2
RIGL	RMGL	chemical	1
RIGL	RMHR	chemical	4
RIGL	URYVL	chemical	1
RIGL	URYVL	electrical	2
RIGR	AIZR	chemical	3
RIGR	AVER	chemical	3
RIGR	AVKL	chemical	3
RIGR	BAGL	chemical	2
RIGR	CEPshVR	chemical	1
RIGR	OLQVR	chemical	2
RIGR	PVT	chemical	1
RIGR	RIBR	chemical	2
RIGR	RIR	chemical	3
RIGR	RMFR	chemical	2
RIGR	RMGR	chemical	1
RIGR	RMHL	chemical	3
RIGR	SMBVR	electrical	1
RIGR	URXR	chemical	1
RIGR	URYDR	electrical	1
RIGR	URYVR	chemical	1
RIGR	URYVR	electrical	1
RIH	AIZL	chemical	4
RIH	AIZR	chemical	3
RIH	AUAL	chemical	1
RIH	AVEL	chemical	1
RIH	BAGL	chemical	1
RIH	BAGR	chemical	1
RIH	CEPDL	chemical	2
RIH	CEPDR	chemical	3
RIH	CEPshVR	chemical	2
RIH	CEPVR	chemical	2
RIH	GLRL	chemical	2
RIH	GLRR	chemical	1
RIH	GLRVL	chemical	1
RIH	IL1VR	chemical	1
RIH	IL2R	chemical	1
RIH	IL2VL	chemical	2
RIH	IL2VR	chemical	1
RIH	OLQDL	chemical	2
RIH	OLQDR	chemical	4
RIH	OLQVL	chemical	3
RIH	OLQVR	chemical	2
RIH	RIAL	chemical	10
RIH	RIAR	chemical	10
RIH	RIBL	chemical	5
RIH	RIBR	chemical	3
RIH	RIPL	chemical	4
RIH	RIPR	chemical	4
RIH	RIR	chemical	2
RIH	RMER	chemical	2
RIH	RMEV	chemical	1
RIH	URADL	chemical	2
RIH	URADR	chemical	1
RIH	URYVR	chemical	1
RIML	ADAL	chemical	1
RIML	AIBR	chemical	6
RIML	AVAR	chemical	1
RIML	AVBL	chemical	2
RIML	AVBR	chemical	4
RIML	AVDL	chemical	1
RIML	AVDR	chemical	1
RIML	AVJR	chemical	1
RIML	AVKR	chemical	1
RIML	BWM-DR04	chemical	2
RIML	BWM-DR06	chemical	2
RIML	BWM-DR08	chemical	1
RIML	BWM-VR04	chemical	2
RIML	BWM-VR08	chemical	1
RIML	RIBL	chemical	3
RIML	RIGL	chemical	1
RIML	RIS	chemical	1
RIML	RMDL	chemical	2
RIML	RMDR	chemical	6
RIML	RMFR	chemical	3
RIML	SAADL	chemical	3
RIML	SAADR	chemical	1
RIML	SAAVL	chemical	2
RIML	SAAVR	chemical	3
RIML	SIADL	chemical	2
RIML	SMDDL	chemical	5
RIML	SMDDR	chemical	2
RIML	SMDVL	chemical	2
RIML	SMDVR	chemical	3
RIMR	AIBL	chemical	9
RIMR	AVAL	chemical	1
RIMR	AVBL	chemical	5
RIMR	AVBR	chemical	2
RIMR	AVEL	chemical	1
RIMR	BWM-DL04	chemical	1
RIMR	BWM-VL04	chemical	3
RIMR	BWM-VL06	chemical	1
RIMR	RIBL	chemical	2
RIMR	RIBR	chemical	4
RIMR	RMDL	chemical	6
RIMR	RMDR	chemical	3
RIMR	RMFL	chemical	2
RIMR	RMFR	chemical	1
RIMR	SAADL	chemical	2
RIMR	SAAVL	chemical	3
RIMR	SAAVR	chemical	3
RIMR	SMDDL	chemical	3
RIMR	SMDDR	chemical	8
RIMR	SMDVL	chemical	2
RIMR	SMDVR	chemical	5
RIPR	URAVR	electrical	2
RIR	ADFL	chemical	3
RIR	ADFR	chemical	2
RIR	AIYL	chemical	2
RIR	AIYR	chemical	2
RIR	AIZL	chemical	7
RIR	AIZR	chemical	7
RIR	AUAR	chemical	1
RIR	AVEL	chemical	1
RIR	AVER	chemical	1
RIR	AVHR	chemical	1
RIR	DVA	chemical	1
RIR	OLQVR	chemical	1
RIR	RIAL	chemical	7
RIR	RIAR	chemical	5
RIR	RIGL	chemical	2
RIR	RIGR	chemical	1
RIR	RIH	chemical	1
RIR	URXL	chemical	7
RIR	URXR	chemical	5
RIS	AIBL	chemical	1
RIS	AVEL	chemical	5
RIS	AVER	chemical	7
RIS	AVKL	chemical	2
RIS	AVKR	chemical	3
RIS	AVL	chemical	2
RIS	CEPDL	chemical	1
RIS	CEPDR	chemical	1
RIS	CEPVL	chemical	2
RIS	CEPVR	chemical	3
RIS	RIBL	chemical	4
RIS	RIBR	chemical	3
RIS	RIML	chemical	6
RIS	RIMR	chemical	7
RIS	RIVL	chemical	1
RIS	RMDL	chemical	1
RIS	RMDR	chemical	6
RIS	SMDDL	chemical	2
RIS	SMDDR	chemical	2
RIS	SMDVR	chemical	1
RIVL	BWM-VR04	chemical	1
RIVL	BWM-VR05	chemical	4
RIVL	BWM-VR06	chemical	3
RIVL	BWM-VR07	chemical	4
RIVL	BWM-VR08	chemical	2
RIVL	GLRVL	chemical	2
RIVL	GLRVR	chemical	1
RIVL	RIAL	chemical	1
RIVL	RIAR	chemical	1
RIVL	RIH	chemical	1
RIVL	RIVR	electrical	1
RIVL	RMDDR	chemical	1
RIVL	RMDL	chemical	3
RIVL	RMDVL	chemical	1
RIVL	SAADR	chemical	3
RIVL	SDQR	electrical	1
RIVL	SIAVR	chemical	4
RIVL	SMDDR	chemical	1
RIVL	SMDDR	electrical	1
RIVL	SMDVL	chemical	1
RIVR	BWM-VL04	chemical	1
RIVR	BWM-VL05	chemical	3
RIVR	BWM-VL06	chemical	2
RIVR	BWM-VL07	chemical	2
RIVR	BWM-VL08	chemical	1
RIVR	CEPshVL	chemical	1
RIVR	GLRVL	chemical	1
RIVR	RIAL	chemical	3
RIVR	RIAR	chemical	2
RIVR	RMDDL	chemical	1
RIVR	RMDR	chemical	2
RIVR	RMDVR	chemical	2
RIVR	SAADL	chemical	6
RIVR	SDQR	chemical	1
RIVR	SIAVL	chemical	3
RIVR	SMDDL	chemical	3
RIVR	SMDVR	chemical	1
RMDDL	BWM-DL01	chemical	1
RMDDL	BWM-DL03	chemical	1
RMDDL	BWM-DL05	chemical	1
RMDDL	BWM-DR01	chemical	3
RMDDL	BWM-DR02	chemical	4
RMDDL	BWM-DR03	chemical	5
RMDDL	BWM-DR04	chemical	4
RMDDL	BWM-DR05	chemical	1
RMDDL	RMDL	electrical	1
RMDDL	RMDR	electrical	1
RMDDL	RMDVR	chemical	6
RMDDL	SAADL	electrical	1
RMDDL	SMBDL	chemical	1
RMDDL	SMDDL	electrical	1
RMDDL	SMDVR	electrical	1
RMDDL	URYDR	chemical	1
RMDDR	BWM-DL01	chemical	5
RMDDR	BWM-DL02	chemical	7
RMDDR	BWM-DL03	chemical	3
RMDDR	BWM-DL04	chemical	6
RMDDR	BWM-DL05	chemical	3
RMDDR	BWM-DL07	chemical	1
RMDDR	BWM-DR01	chemical	1
RMDDR	RMDDL	chemical	1
RMDDR	RMDR	electrical	1
RMDDR	RMDVL	chemical	10
RMDDR	RMDVR	electrical	1
RMDDR	SAADR	electrical	1
RMDDR	SIAVL	electrical	1
RMDDR	SIBVL	electrical	1
RMDDR	SMBDR	chemical	1
RMDDR	SMDDR	electrical	1
RMDDR	SMDVL	electrical	1
RMDDR	URADL	chemical	1
RMDL	BWM-DR02	chemical	1
RMDL	BWM-DR04	chemical	4
RMDL	BWM-VR02	chemical	1
RMDL	BWM-VR04	chemical	3
RMDL	IL1R	chemical	2
RMDL	IL2R	chemical	1
RMDL	RIAL	chemical	6
RMDL	RIAR	chemical	4
RMDL	RMDDL	chemical	1
RMDL	RMDDR	chemical	2
RMDL	RMDR	chemical	7
RMDL	RMDVL	electrical	1
RMDL	RMDVR	chemical	1
RMDL	RMEL	chemical	1
RMDL	RMHL	chemical	1
RMDL	SMDVL	electrical	1
RMDR	BWM-DL04	chemical	3
RMDR	BWM-DL06	chemical	1
RMDR	BWM-VL02	chemical	1
RMDR	BWM-VL04	chemical	4
RMDR	IL1L	chemical	3
RMDR	IL2L	chemical	1
RMDR	OLLL	chemical	1
RMDR	RIAL	chemical	6
RMDR	RIAR	chemical	9
RMDR	RMDDL	chemical	3
RMDR	RMDL	chemical	8
RMDR	RMDVL	chemical	1
RMDR	RMDVR	chemical	1
RMDR	RMDVR	electrical	1
RMDR	RMGL	chemical	1
RMDR	RMHR	chemical	1
RMDVL	BWM-VL03	chemical	2
RMDVL	BWM-VL05	chemical	1
RMDVL	BWM-VR01	chemical	6
RMDVL	BWM-VR02	chemical	5
RMDVL	BWM-VR03	chemical	7
RMDVL	BWM-VR04	chemical	4
RMDVL	BWM-VR05	chemical	3
RMDVL	RMDDR	chemical	9
RMDVL	RMDVR	chemical	1
RMDVL	RMED	chemical	1
RMDVL	RMHR	electrical	1
RMDVL	SAAVL	electrical	3
RMDVL	SIAVR	electrical	1
RMDVL	SMDVL	electrical	2
RMDVR	BWM-VL01	chemical	6
RMDVR	BWM-VL02	chemical	6
RMDVR	BWM-VL03	chemical	6
RMDVR	BWM-VL04	chemical	5
RMDVR	BWM-VL05	chemical	2
RMDVR	BWM-VL06	chemical	1
RMDVR	BWM-VL07	chemical	1
RMDVR	BWM-VR01	chemical	1
RMDVR	BWM-VR03	chemical	1
RMDVR	BWM-VR05	chemical	4
RMDVR	GLRVL	chemical	1
RMDVR	RMDDL	chemical	11
RMDVR	RMDVL	chemical	3
RMDVR	RMED	chemical	1
RMDVR	RMHR	electrical	1
RMDVR	SAAVR	electrical	1
RMDVR	SMDVR	electrical	1
RMED	BWM-VL01	chemical	10
RMED	BWM-VL03	chemical	7
RMED	BWM-VR01	chemical	6
RMED	BWM-VR03	chemical	8
RMED	BWM-VR05	chemical	2
RMED	RMDVL	chemical	2
RMED	RMDVR	chemical	3
RMED	SMDDL	chemical	2
RMED	SMDDR	chemical	3
RMEL	BWM-DR02	chemical	12
RMEL	BWM-DR04	chemical	1
RMEL	BWM-VR02	chemical	10
RMEL	BWM-VR04	chemical	1
RMER	BWM-DL02	chemical	10
RMER	BWM-DL04	chemical	2
RMER	BWM-VL02	chemical	11
RMER	BWM-VL04	chemical	2
RMER	GLRL	chemical	1
RMEV	BWM-DL01	chemical	6
RMEV	BWM-DL03	chemical	4
RMEV	BWM-DR01	chemical	5
RMEV	BWM-DR02	chemical	1
RMEV	BWM-DR03	chemical	5
RMEV	RMDDL	chemical	1
RMEV	RMED	chemical	1
RMEV	SMDVL	chemical	2
RMEV	SMDVR	chemical	2
RMFL	AVKL	chemical	5
RMFL	AVKR	chemical	5
RMFL	DVC	chemical	1
RMFL	RMDL	chemical	6
RMFR	AVKL	chemical	2
RMFR	AVKR	chemical	4
RMFR	PVT	chemical	1
RMFR	RMDR	chemical	5
RMGL	ASHL	chemical	2
RMGL	AVBL	chemical	2
RMGL	AVEL	chemical	1
RMGL	BWM-DL06	chemical	3
RMGL	BWM-DL08	chemical	3
RMGL	BWM-VL04	chemical	3
RMGL	BWM-VL06	chemical	5
RMGL	BWM-VL08	chemical	5
RMGL	RMDL	chemical	3
RMGL	RMDR	chemical	5
RMGL	RMDVL	chemical	3
RMGL	RMHL	electrical	1
RMGL	RMHR	chemical	1
RMGL	SIBVL	chemical	1
RMGR	ASHR	chemical	1
RMGR	AVBL	chemical	2
RMGR	AVBR	chemical	1
RMGR	AVER	chemical	1
RMGR	AVJL	chemical	2
RMGR	BWM-DR06	chemical	1
RMGR	BWM-DR08	chemical	1
RMGR	BWM-VR04	chemical	1
RMGR	BWM-VR06	chemical	3
RMGR	BWM-VR08	chemical	1
RMGR	PVCL	chemical	2
RMGR	RMDL	chemical	3
RMGR	RMDR	chemical	1
RMGR	RMDVR	chemical	3
RMGR	SIBVR	chemical	1
RMGR	SMBVR	chemical	2
RMGR	URXR	electrical	1
RMHL	BWM-DR02	chemical	4
RMHL	BWM-DR04	chemical	2
RMHL	BWM-VR02	chemical	4
RMHL	BWM-VR04	chemical	5
RMHL	CEPDR	chemical	1
RMHL	RMDL	chemical	3
RMHL	RMDR	chemical	2
RMHR	BWM-DL02	chemical	3
RMHR	BWM-VL02	chemical	3
RMHR	BWM-VL04	chemical	1
RMHR	RMDL	chemical	4
RMHR	RMDR	chemical	1
RMHR	RMGL	chemical	2
SAADL	AVAL	chemical	4
SAADL	OLLR	chemical	1
SAADL	RIML	chemical	5
SAADL	RIMR	chemical	3
SAADL	SMDVR	chemical	3
SAADR	AVAL	chemical	1
SAADR	AVAR	chemical	4
SAADR	RIML	chemical	3
SAADR	RIMR	chemical	3
SAADR	RMFR	chemical	2
SAADR	RMGL	chemical	1
SAADR	SMDVL	chemical	2
SAAVL	AVAL	chemical	10
SAAVL	RIML	chemical	2
SAAVL	RIMR	chemical	6
SAAVL	RMFL	chemical	2
SAAVL	SMBVR	electrical	1
SAAVL	SMDDR	chemical	6
SAAVR	AVAR	chemical	10
SAAVR	RIML	chemical	8
SAAVR	RMFR	chemical	1
SAAVR	SMBVL	electrical	1
SAAVR	SMDDL	chemical	7
SDQL	AVAR	chemical	2
SDQL	AVER	chemical	1
SDQL	DVA	chemical	1
SDQL	RICL	chemical	1
SDQL	RICR	chemical	1
SDQL	SDQR	chemical	1
SDQL	SDQR	electrical	1
SDQL	SIBVR	chemical	2
SDQR	AIBR	chemical	1
SDQR	AVAR	chemical	1
SDQR	AVBL	chemical	3
SDQR	AVBR	chemical	3
SDQR	DVA	chemical	4
SDQR	PVCL	chemical	1
SDQR	RICL	chemical	1
SDQR	SIBVR	chemical	1
SIBDL	SIBVL	electrical	1
SIBDL	SMBDL	electrical	1
SIBDR	SIBVR	electrical	1
SMBDL	ADAR	chemical	1
SMBDL	ALNR	chemical	1
SMBDL	AVAL	chemical	1
SMBDL	AVBR	chemical	1
SMBDL	BWM-DR01	chemical	3
SMBDL	BWM-DR02	chemical	1
SMBDL	BWM-DR03	chemical	5
SMBDL	BWM-DR04	chemical	1
SMBDL	BWM-DR05	chemical	1
SMBDL	BWM-DR07	chemical	1
SMBDL	GLRDR	chemical	1
SMBDL	GLRR	chemical	1
SMBDL	RMED	chemical	4
SMBDL	SAAVR	chemical	5
SMBDL	SIBVR	chemical	1
SMBDL	SMBDR	electrical	1
SMBDL	SMDDL	chemical	1
SMBDR	BWM-DL01	chemical	3
SMBDR	BWM-DL02	chemical	2
SMBDR	BWM-DL03	chemical	4
SMBDR	BWM-DL04	chemical	2
SMBDR	BWM-DL05	chemical	4
SMBDR	BWM-DL07	chemical	1
SMBDR	GLRL	chemical	2
SMBDR	RMED	chemical	5
SMBDR	SAAVL	chemical	5
SMBVL	BWM-VL01	chemical	3
SMBVL	BWM-VL02	chemical	3
SMBVL	BWM-VL03	chemical	3
SMBVL	BWM-VL04	chemical	4
SMBVL	BWM-VL05	chemical	2
SMBVL	BWM-VL06	chemical	1
SMBVL	BWM-VL07	chemical	1
SMBVL	BWM-VL08	chemical	1
SMBVL	RMDVR	chemical	1
SMBVL	RMEV	chemical	4
SMBVL	SAADL	chemical	6
SMBVR	BWM-VR01	chemical	2
SMBVR	BWM-VR02	chemical	3
SMBVR	BWM-VR03	chemical	4
SMBVR	BWM-VR04	chemical	3
SMBVR	BWM-VR05	chemical	3
SMBVR	BWM-VR07	chemical	3
SMBVR	CEPshVR	chemical	1
SMBVR	GLRR	chemical	1
SMBVR	RMEV	chemical	5
SMBVR	SAADR	chemical	5
SMBVR	SIAVR	chemical	1
SMDDL	ALNR	chemical	1
SMDDL	BWM-DR01	chemical	1
SMDDL	BWM-DR03	chemical	1
SMDDL	BWM-DR04	chemical	1
SMDDL	BWM-DR05	chemical	1
SMDDL	RIAL	chemical	6
SMDDL	RIAR	chemical	5
SMDDL	RIML	chemical	1
SMDDL	RMDR	chemical	1
SMDDL	RMEV	chemical	1
SMDDL	SMDDR	electrical	1
SMDDL	SMDVR	chemical	3
SMDDR	BWM-DL01	chemical	1
SMDDR	BWM-DL03	chemical	1
SMDDR	BWM-DL04	chemical	1
SMDDR	BWM-DL05	chemical	2
SMDDR	RIAL	chemical	4
SMDDR	RIAR	chemical	6
SMDDR	RIMR	chemical	1
SMDDR	RMDL	chemical	1
SMDDR	RMDR	chemical	1
SMDDR	SIADR	chemical	1
SMDDR	SMDVL	chemical	3
SMDVL	BWM-VL01	chemical	1
SMDVL	BWM-VL03	chemical	1
SMDVL	BWM-VR01	chemical	1
SMDVL	BWM-VR03	chemical	1
SMDVL	CEPVR	chemical	1
SMDVL	RIAL	chemical	6
SMDVL	RIAR	chemical	8
SMDVL	SAADR	chemical	1
SMDVL	SMDDR	chemical	4
SMDVR	BWM-VL01	chemical	1
SMDVR	BWM-VL03	chemical	1
SMDVR	BWM-VL05	chemical	1
SMDVR	RIAL	chemical	7
SMDVR	RIAR	chemical	4
SMDVR	SMDDL	chemical	4
URADL	BWM-DL01	chemical	3
URADL	BWM-DL02	chemical	3
URADL	RIPL	chemical	4
URADL	RMED	chemical	1
URADL	RMEL	chemical	2
URADR	BWM-DR01	chemical	6
URADR	BWM-DR02	chemical	3
URADR	RIPR	chemical	5
URADR	RMED	chemical	2
URADR	RMER	chemical	2
URAVL	BWM-DL02	chemical	1
URAVL	BWM-VL01	chemical	4
URAVL	BWM-VL02	chemical	5
URAVL	BWM-VL04	chemical	2
URAVL	IL1L	chemical	1
URAVL	IL1VL	chemical	1
URAVL	RIPL	chemical	3
URAVL	RMDVR	chemical	2
URAVL	RMEL	chemical	3
URAVL	RMEV	chemical	2
URAVR	BWM-VR01	chemical	3
URAVR	BWM-VR02	chemical	4
URAVR	BWM-VR04	chemical	1
URAVR	IL1R	chemical	1
URAVR	RIPR	chemical	2
URAVR	RMDDR	chemical	1
URAVR	RMDVL	chemical	1
URAVR	RMER	chemical	2
URAVR	RMEV	chemical	2
URBL	ADAL	chemical	1
URBL	CEPDL	chemical	2
URBL	IL1L	chemical	2
URBL	IL2L	chemical	1
URBL	RICL	chemical	2
URBL	RICR	chemical	2
URBL	RMDR	chemical	1
URBL	SIAVL	chemical	1
URBL	URXL	chemical	7
URBR	CEPDR	chemical	2
URBR	CEPVR	chemical	2
URBR	IL1R	chemical	2
URBR	RICL	chemical	3
URBR	RMDDR	chemical	1
URBR	RMDL	chemical	1
URBR	RMHL	chemical	3
URBR	URXR	chemical	4
URBR	URXR	electrical	1
URXL	ADAL	chemical	1
URXL	AUAL	chemical	9
URXL	AVEL	chemical	2
URXL	IL2L	chemical	1
URXL	RIAL	chemical	13
URXL	RICL	chemical	1
URXL	RICR	chemical	2
URXL	RIGL	chemical	7
URXL	RIR	chemical	4
URXR	ADAR	chemical	1
URXR	AUAR	chemical	10
URXR	AVBL	chemical	1
URXR	AVER	chemical	1
URXR	RIAR	chemical	12
URXR	RICL	chemical	1
URXR	RICR	chemical	3
URXR	RIGR	chemical	4
URXR	RIR	chemical	1
URXR	RMGR	chemical	2
URYDL	AVER	chemical	6
URYDL	BWM-DL01	chemical	1
URYDL	BWM-VL02	chemical	1
URYDL	IL1DL	chemical	2
URYDL	RIBL	chemical	3
URYDL	RMDDR	chemical	6
URYDL	RMDVL	chemical	10
URYDL	SMDDR	chemical	2
URYDR	AVEL	chemical	3
URYDR	BWM-DR01	chemical	1
URYDR	BWM-DR03	chemical	2
URYDR	IL1DR	chemical	2
URYDR	OLQDR	chemical	1
URYDR	RIBR	chemical	2
URYDR	RMDDL	chemical	2
URYDR	RMDVR	chemical	4
URYDR	SMDDL	chemical	4
URYVL	AVBR	chemical	1
URYVL	AVER	chemical	6
URYVL	IL1VL	chemical	4
URYVL	RIBL	chemical	3
URYVL	RMDDL	chemical	8
URYVL	RMDVR	chemical	3
URYVL	SIBVR	chemical	1
URYVL	SMDVR	chemical	4
URYVR	AVEL	chemical	4
URYVR	IL1VR	chemical	2
URYVR	RIBR	chemical	2
URYVR	RMDDR	chemical	9
URYVR	RMDVL	chemical	3
URYVR	SMDVL	chemical	2